school_district,state,AUN,nces_id
21ST CENTURY CYBER CS,Pennsylvania,124150002,4200091
A W BEATTIE CAREER CENTER,Pennsylvania,103020407,4280010
ABINGTON HEIGHTS SD,Pennsylvania,119350303,4202010
ABINGTON SD,Pennsylvania,123460302,4202040
ACHIEVEMENT HOUSE CS,Pennsylvania,125230001,4200128
ACT ACADEMY CYBER CS,Pennsylvania,126514368,4200868
AD PRIMA CS,Pennsylvania,126510015,4200129
ADMIRAL PEARY AVTS,Pennsylvania,108110307,4280120
AGORA CYBER CS,Pennsylvania,126510020,4200140
ALBERT GALLATIN AREA SD,Pennsylvania,101260303,4202100
ALIQUIPPA SD,Pennsylvania,127040503,4202130
ALLEGHENY IU 3,Pennsylvania,103000000,4289130
ALLEGHENY VALLEY SD,Pennsylvania,103020603,4202190
ALLEGHENY-CLARION VALLEY SD,Pennsylvania,106160303,4202310
ALLENTOWN CITY SD,Pennsylvania,121390302,4202280
ALLIANCE FOR PROGRESS CS,Pennsylvania,126512990,4200039
ALTOONA AREA SD,Pennsylvania,108070502,4202340
AMBRIDGE AREA SD,Pennsylvania,127040703,4202440
ANNVILLE-CLEONA SD,Pennsylvania,113380303,4202490
ANTIETAM SD,Pennsylvania,114060503,4202480
ANTONIA PANTOJA COMMUNITY CHARTER SCHOOL,Pennsylvania,104510394,4200813
APOLLO-RIDGE SD,Pennsylvania,128030603,4202550
APPALACHIA IU 8,Pennsylvania,108000000,4289180
ARIN IU 28,Pennsylvania,128000000,4289380
ARISE ACADEMY CHARTER HIGH SCHOOL,Pennsylvania,168518013,4200823
ARMSTRONG SD,Pennsylvania,128030852,4202590
ARTS ACADEMY CS,Pennsylvania,121395927,4200860
ARTS ACADEMY ELEMENTARY CHARTER SCHOOL,PENNSYLVANIA,121399898,4200883
ASPIRA BILINGUAL CYBER CHARTER SCHOOL,Pennsylvania,181519176,4200835
ATHENS AREA SD,Pennsylvania,117080503,4202670
AUSTIN AREA SD,Pennsylvania,109530304,4202700
AVELLA AREA SD,Pennsylvania,101630504,4202760
AVON GROVE CS,Pennsylvania,124150003,4200101
AVON GROVE SD,Pennsylvania,124150503,4202790
AVONWORTH SD,Pennsylvania,103020753,4202820
BADEN ACADEMY CS,Pennsylvania,127046517,4200861
BALD EAGLE AREA SD,Pennsylvania,110141003,4202910
BALDWIN-WHITEHALL SD,Pennsylvania,103021102,4202970
BANGOR AREA SD,Pennsylvania,120480803,4203000
BEAR CREEK COMMUNITY CS,Pennsylvania,118400001,4200126
BEAVER AREA ACADEMIC CS,Pennsylvania,127040001,4200142
BEAVER AREA SD,Pennsylvania,127041203,4203120
BEAVER COUNTY CTC,Pennsylvania,127041307,4280500
BEAVER VALLEY IU 27,Pennsylvania,127000000,4289370
BEDFORD AREA SD,Pennsylvania,108051003,4203180
BEDFORD COUNTY TECHNICAL CENTER,Pennsylvania,108051307,4200001
BELLE VERNON AREA SD,Pennsylvania,107650603,4203210
BELLEFONTE AREA SD,Pennsylvania,110141103,4203240
BELLWOOD-ANTIS SD,Pennsylvania,108071003,4203300
BELMONT CHARTER SCHOOL,Pennsylvania,126510010,4200108
BENSALEM TOWNSHIP SD,Pennsylvania,122091002,4203330
BENTON AREA SD,Pennsylvania,116191004,4203390
BENTWORTH SD,Pennsylvania,101630903,4203360
BERKS COUNTY IU 14,Pennsylvania,114000000,4289240
BERKS CTC,Pennsylvania,114060557,4280060
BERLIN BROTHERSVALLEY SD,Pennsylvania,108561003,4203420
BERMUDIAN SPRINGS SD,Pennsylvania,112011103,4203450
BERWICK AREA SD,Pennsylvania,116191103,4203480
BETHEL PARK SD,Pennsylvania,103021252,4203510
BETHLEHEM AREA SD,Pennsylvania,120481002,4203570
BETHLEHEM AVTS,Pennsylvania,120481107,4280370
BETHLEHEM-CENTER SD,Pennsylvania,101631003,4203600
BIG BEAVER FALLS AREA SD,Pennsylvania,127041503,4203630
BIG SPRING SD,Pennsylvania,115210503,4203660
BLACKHAWK SD,Pennsylvania,127041603,4203688
BLACKLICK VALLEY SD,Pennsylvania,108110603,4203690
BLAIRSVILLE-SALTSBURG SD,Pennsylvania,128321103,4203750
BLAST IU 17,Pennsylvania,117000000,4289270
BLOOMSBURG AREA SD,Pennsylvania,116191203,4203840
BLUE MOUNTAIN SD,Pennsylvania,129540803,4203870
BLUE RIDGE SD,Pennsylvania,119581003,4203900
BOYERTOWN AREA SD,Pennsylvania,114060753,4203960
BOYS LATIN OF PHILADELPHIA CS,Pennsylvania,185515523,4200760
BRADFORD AREA SD,Pennsylvania,109420803,4204020
BRANDYWINE HEIGHTS AREA SD,Pennsylvania,114060853,4204050
BRENTWOOD BOROUGH SD,Pennsylvania,103021453,4204140
BRISTOL BOROUGH SD,Pennsylvania,122091303,4204200
BRISTOL TOWNSHIP SD,Pennsylvania,122091352,4204230
BROCKWAY AREA SD,Pennsylvania,106330703,4204260
BROOKVILLE AREA SD,Pennsylvania,106330803,4204320
BROWNSVILLE AREA SD,Pennsylvania,101260803,4204080
BRYN ATHYN SD,Pennsylvania,123460504,4204090
BUCKS COUNTY IU 22,Pennsylvania,122000000,4289320
BUCKS COUNTY MONTESSORI CS,Pennsylvania,122093460,4200069
BUCKS COUNTY TECHNICAL HIGH SCHOOL,Pennsylvania,122091457,4280090
BURGETTSTOWN AREA SD,Pennsylvania,101631203,4204500
BURRELL SD,Pennsylvania,107650703,4204530
BUTLER AREA SD,Pennsylvania,104101252,4204590
BUTLER COUNTY AVTS,Pennsylvania,104101307,4280520
CALIFORNIA AREA SD,Pennsylvania,101631503,4204710
CAMBRIA HEIGHTS SD,Pennsylvania,108111203,4204740
CAMERON COUNTY SD,Pennsylvania,109122703,4204830
CAMP HILL SD,Pennsylvania,115211003,4204860
CANON-MCMILLAN SD,Pennsylvania,101631703,4204890
CANTON AREA SD,Pennsylvania,117081003,4204920
CAPITAL AREA IU 15,Pennsylvania,115000000,4289250
CAPITAL AREA SCHOOL FOR THE ARTS CHARTER SCHOOL,Pennsylvania,115227010,4200876
CARBON CAREER & TECHNICAL INSTITUTE,Pennsylvania,121131507,4280130
CARBON-LEHIGH IU 21,Pennsylvania,121000000,4289310
CARBONDALE AREA SD,Pennsylvania,119351303,4204980
CAREER INSTITUTE OF TECHNOLOGY,Pennsylvania,120483007,4280380
CARLISLE AREA SD,Pennsylvania,115211103,4205010
CARLYNTON SD,Pennsylvania,103021603,4205040
CARMICHAELS AREA SD,Pennsylvania,101301303,4205070
CATASAUQUA AREA SD,Pennsylvania,121391303,4205160
CENTENNIAL SD,Pennsylvania,122092002,4205190
CENTER FOR STUDENT LEARNING CS AT PENNSBURY,Pennsylvania,122090001,4200100
CENTRAL BUCKS SD,Pennsylvania,122092102,4205310
CENTRAL CAMBRIA SD,Pennsylvania,108111303,4205340
CENTRAL COLUMBIA SD,Pennsylvania,116191503,4205370
CENTRAL DAUPHIN SD,Pennsylvania,115221402,4205400
CENTRAL FULTON SD,Pennsylvania,111291304,4214850
CENTRAL GREENE SD,Pennsylvania,101301403,4205430
CENTRAL IU 10,Pennsylvania,110000000,4289200
CENTRAL MONTCO TECHNICAL HIGH SCHOOL,Pennsylvania,123460957,4280330
CENTRAL PA DIGITAL LEARNING FOUNDATION CS,Pennsylvania,108070001,4200095
CENTRAL PA INSTITUTE OF SCIENCE & TECHNOLOGY,Pennsylvania,110141607,4280530
CENTRAL SUSQUEHANNA IU 16,Pennsylvania,116000000,4289260
CENTRAL VALLEY SD,Pennsylvania,127042003,4200824
CENTRAL WESTMORELAND CTC,Pennsylvania,107651207,4280470
CENTRAL YORK SD,Pennsylvania,112671303,4205490
CENTRE LEARNING COMMUNITY CS,Pennsylvania,110143060,4200023
CHAMBERSBURG AREA SD,Pennsylvania,112281302,4205550
CHARLEROI SD,Pennsylvania,101631803,4205640
CHARTER HIGH SCHOOL FOR ARCHITECTURE AND DESIGN,Pennsylvania,126513190,4200053
CHARTIERS VALLEY SD,Pennsylvania,103021752,4205700
CHARTIERS-HOUSTON SD,Pennsylvania,101631903,4205730
CHELTENHAM SD,Pennsylvania,123461302,4205760
CHESTER CO FAMILY ACADEMY CS,Pennsylvania,124152880,4200012
CHESTER COMMUNITY CS,Pennsylvania,125232950,4200035
CHESTER COUNTY IU 24,Pennsylvania,124000000,4289340
CHESTER COUNTY TECHNICAL COLLEGE HS,Pennsylvania,124151607,4202900
CHESTER CS FOR THE ARTS,Pennsylvania,125236827,4200857
CHESTER-UPLAND SD,Pennsylvania,125231232,4205860
CHESTNUT RIDGE SD,Pennsylvania,108051503,4205880
CHICHESTER SD,Pennsylvania,125231303,4205910
CHRISTOPHER COLUMBUS CS,Pennsylvania,126513160,4200052
CIRCLE OF SEASONS CHARTER SCHOOL,Pennsylvania,121394017,4200875
CITY CHS,Pennsylvania,102020001,4200094
CITY OF ERIE REGIONAL CAREER & TECHNICAL SCHOOL,Pennsylvania,105252507,4200751
CLAIRTON CITY SD,Pennsylvania,103021903,4206030
CLARION AREA SD,Pennsylvania,106161203,4206060
CLARION COUNTY CAREER CENTER,Pennsylvania,106161357,4280150
CLARION-LIMESTONE AREA SD,Pennsylvania,106161703,4206090
CLAYSBURG-KIMMEL SD,Pennsylvania,108071504,4206120
CLEARFIELD AREA SD,Pennsylvania,110171003,4206150
CLEARFIELD COUNTY CTC,Pennsylvania,110171607,4280160
COATESVILLE AREA SD,Pennsylvania,124151902,4206240
COCALICO SD,Pennsylvania,113361303,4206270
COLLEGIUM CS,Pennsylvania,124153320,4200050
COLONIAL IU 20,Pennsylvania,120000000,4289300
COLONIAL SD,Pennsylvania,123461602,4219470
COLUMBIA BOROUGH SD,Pennsylvania,113361503,4206360
COLUMBIA-MONTOUR AVTS,Pennsylvania,116191757,4206365
COMMODORE PERRY SD,Pennsylvania,104431304,4206390
COMMONWEALTH CHARTER ACADEMY CS,Pennsylvania,115220002,4200119
COMMUNITY ACADEMY OF PHILADELPHIA CS,Pennsylvania,126512840,4200013
CONEMAUGH TOWNSHIP AREA SD,Pennsylvania,108561803,4206420
CONEMAUGH VALLEY SD,Pennsylvania,108111403,4206430
CONESTOGA VALLEY SD,Pennsylvania,113361703,4206480
CONEWAGO VALLEY SD,Pennsylvania,112011603,4206550
CONNEAUT SD,Pennsylvania,105201033,4206590
CONNELLSVILLE AREA CAREER & TECHNICAL CENTER,Pennsylvania,101266007,4280220
CONNELLSVILLE AREA SD,Pennsylvania,101261302,4206660
CONRAD WEISER AREA SD,Pennsylvania,114061103,4206780
CORNELL SD,Pennsylvania,103022103,4206810
CORNWALL-LEBANON SD,Pennsylvania,113381303,4206840
CORRY AREA SD,Pennsylvania,105251453,4206860
COUDERSPORT AREA SD,Pennsylvania,109531304,4206930
COUNCIL ROCK SD,Pennsylvania,122092353,4206960
CRANBERRY AREA SD,Pennsylvania,106611303,4207050
CRAWFORD CENTRAL SD,Pennsylvania,105201352,4207080
CRAWFORD COUNTY CTC,Pennsylvania,105201407,4280170
CRESSON SECURE TREATMENT UNIT,Pennsylvania,108119998,4200022
CRESTWOOD SD,Pennsylvania,118401403,4205460
CRISPUS ATTUCKS CS,Pennsylvania,112673300,4200048
CTC OF LACKAWANNA COUNTY,Pennsylvania,119354207,4280260
CUMBERLAND PERRY AVTS,Pennsylvania,115211657,4280180
CUMBERLAND VALLEY SD,Pennsylvania,115211603,4207110
CURWENSVILLE AREA SD,Pennsylvania,110171803,4207140
DALLAS SD,Pennsylvania,118401603,4207200
DALLASTOWN AREA SD,Pennsylvania,112671603,4207230
DANIEL BOONE AREA SD,Pennsylvania,114061503,4207290
DANVILLE AREA SD,Pennsylvania,116471803,4207320
DANVILLE CTR ADOLESCENT FEMALE,Pennsylvania,116471111,4200049
DAUPHIN COUNTY TECHNICAL SCHOOL,Pennsylvania,115221607,4207385
DEER LAKES SD,Pennsylvania,103022253,4207540
DELAWARE COUNTY IU 25,Pennsylvania,125000000,4289350
DELAWARE COUNTY TECHNICAL HIGH SCHOOL,Pennsylvania,125232407,4280200
DELAWARE VALLEY CHS,Pennsylvania,126513470,4200078
DELAWARE VALLEY SD,Pennsylvania,120522003,4207530
DERRY AREA SD,Pennsylvania,107651603,4207560
DERRY TOWNSHIP SD,Pennsylvania,115221753,4207590
DISCOVERY CHARTER SCHOOL,Pennsylvania,126510011,4200121
DONEGAL SD,Pennsylvania,113362203,4207650
DOVER AREA SD,Pennsylvania,112671803,4207680
DOWNINGTOWN AREA SD,Pennsylvania,124152003,4207710
DR ROBERT KETTERER CS INC,Pennsylvania,107653040,4200021
DUBOIS AREA SD,Pennsylvania,106172003,4207830
DUNMORE SD,Pennsylvania,119352203,4207980
DUQUESNE CITY SD,Pennsylvania,103022503,4208010
EAST ALLEGHENY SD,Pennsylvania,103022803,4208060
EAST LYCOMING SD,Pennsylvania,117412003,4208490
EAST PENN SD,Pennsylvania,121392303,4208550
EAST PENNSBORO AREA SD,Pennsylvania,115212503,4208580
EAST STROUDSBURG AREA SD,Pennsylvania,120452003,4208670
EASTERN CENTER FOR ARTS & TECHNOLOGY,Pennsylvania,123463507,4280340
EASTERN LANCASTER COUNTY SD,Pennsylvania,113362303,4208820
EASTERN LEBANON COUNTY SD,Pennsylvania,113382303,4208460
EASTERN UNIVERSITY ACADEMY CHARTER SCHOOL,Pennsylvania,177518712,4200822
EASTERN WESTMORELAND CTC,Pennsylvania,107652207,4280480
EASTERN YORK SD,Pennsylvania,112672203,4208790
EASTON AREA SD,Pennsylvania,120483302,4208850
EDUCATION PLUS ACADEMY CYBER CS,Pennsylvania,126519119,4200865
ELIZABETH FORWARD SD,Pennsylvania,103023153,4209090
ELIZABETHTOWN AREA SD,Pennsylvania,113362403,4209120
ELK LAKE SD,Pennsylvania,119582503,4209150
ELLWOOD CITY AREA SD,Pennsylvania,104372003,4209240
ENVIRONMENTAL CHARTER SCHOOL AT FRICK PARK,Pennsylvania,199025446,4200812
EPHRATA AREA SD,Pennsylvania,113362603,4209270
ERIE CITY SD,Pennsylvania,105252602,4209300
ERIE COUNTY TECHNICAL SCHOOL,Pennsylvania,105252807,4280210
ERIE RISE LEADERSHIP ACADEMY CHARTER SCHOOL,Pennsylvania,105257512,4200854
ESPERANZA ACADEMY CHARTER SCHOOL,Pennsylvania,126513440,4200076
ESPERANZA CYBER CS,Pennsylvania,126511563,4200858
EUGENIO MARIA DE HOSTOS CS,Pennsylvania,126513100,4200043
EVERETT AREA SD,Pennsylvania,108053003,4209360
EVERGREEN COMMUNITY CS,Pennsylvania,120450003,4200749
EXECUTIVE EDUCATION ACADEMY CHARTER SCHOOL,PENNSYLVANIA,121398065,4200879
EXETER TOWNSHIP SD,Pennsylvania,114062003,4209480
FAIRFIELD AREA SD,Pennsylvania,112013054,4209540
FAIRVIEW SD,Pennsylvania,105253303,4209570
FANNETT-METAL SD,Pennsylvania,112282004,4209660
FARRELL AREA SD,Pennsylvania,104432503,4209690
FAYETTE COUNTY CAREER & TECHNICAL INSTITUTE,Pennsylvania,101262507,4280560
FELL CS,Pennsylvania,119350001,4200096
FERNDALE AREA SD,Pennsylvania,108112003,4209750
FIRST PHILADELPHIA PREPARATORY CHARTER SCHOOL,Pennsylvania,100510000,4200093
FLEETWOOD AREA SD,Pennsylvania,114062503,4209780
FOLK ARTS-CULTURAL TREASURES CS,Pennsylvania,126510021,4200141
FORBES ROAD CTC,Pennsylvania,103023807,4280020
FORBES ROAD SD,Pennsylvania,111292304,4209870
FOREST AREA SD,Pennsylvania,106272003,4208280
FOREST CITY REGIONAL SD,Pennsylvania,119583003,4209930
FOREST HILLS SD,Pennsylvania,108112203,4209940
FORT CHERRY SD,Pennsylvania,101632403,4209960
FORT LEBOEUF SD,Pennsylvania,105253553,4209990
FOX CHAPEL AREA SD,Pennsylvania,103023912,4210070
FRANKLIN AREA SD,Pennsylvania,106612203,4210200
FRANKLIN COUNTY CTC,Pennsylvania,112282307,4280230
FRANKLIN REGIONAL SD,Pennsylvania,107652603,4210230
FRANKLIN TOWNE CHARTER ELEMENTARY SCHOOL,Pennsylvania,147513703,4200817
FRANKLIN TOWNE CHS,Pennsylvania,126513450,4200077
FRAZIER SD,Pennsylvania,101262903,4210350
FREDERICK DOUGLASS MASTERY CHARTER SCHOOL,Pennsylvania,126518547,4200830
FREEDOM AREA SD,Pennsylvania,127042853,4210380
FREEPORT AREA SD,Pennsylvania,128033053,4210440
FREIRE CS,Pennsylvania,126513270,4200060
FULTON COUNTY AVTS,Pennsylvania,111292507,4200007
GALETON AREA SD,Pennsylvania,109532804,4210530
GARNET VALLEY SD,Pennsylvania,125234103,4210590
GATEWAY SD,Pennsylvania,103024102,4210620
GENERAL MCLANE SD,Pennsylvania,105253903,4210650
GETTYSBURG AREA SD,Pennsylvania,112013753,4210710
GETTYSBURG MONTESSORI CHARTER SCHOOL,Pennsylvania,197010542,4200836
GILLINGHAM CHARTER SCHOOL,Pennsylvania,129544907,4200841
GIRARD SD,Pennsylvania,105254053,4210740
GLENDALE SD,Pennsylvania,110173003,4210830
GLOBAL LEADERSHIP ACADEMY CS,Pennsylvania,126513380,4200073
GLOBAL LEADERSHIP ACADEMY CS SOUTHWEST AT HUEY,PENNSYLVANIA,126518004,4200892
GOVERNOR MIFFLIN SD,Pennsylvania,114063003,4210860
GREAT VALLEY SD,Pennsylvania,124153503,4210870
GREATER ALTOONA CTC,Pennsylvania,108070607,4280080
GREATER JOHNSTOWN CTC,Pennsylvania,108112607,4210970
GREATER JOHNSTOWN SD,Pennsylvania,108112502,4210950
GREATER LATROBE SD,Pennsylvania,107653102,4210980
GREATER NANTICOKE AREA SD,Pennsylvania,118402603,4216290
GREEN WOODS CS,Pennsylvania,126510005,4200104
GREENCASTLE-ANTRIM SD,Pennsylvania,112283003,4211010
GREENE COUNTY CTC,Pennsylvania,101302607,4280240
GREENSBURG SALEM SD,Pennsylvania,107653203,4210920
GREENVILLE AREA SD,Pennsylvania,104432803,4211160
GREENWOOD SD,Pennsylvania,115503004,4211190
GROVE CITY AREA SD,Pennsylvania,104432903,4211220
HALIFAX AREA SD,Pennsylvania,115222504,4211310
HAMBURG AREA SD,Pennsylvania,114063503,4211340
HAMPTON TOWNSHIP SD,Pennsylvania,103024603,4211400
HANOVER AREA SD,Pennsylvania,118403003,4211420
HANOVER PUBLIC SD,Pennsylvania,112672803,4211450
HARAMBEE INSTITUTE OF SCIENCE AND TECHNOLOGY CS,Pennsylvania,126512850,4200014
HARBOR CREEK SD,Pennsylvania,105254353,4211490
HARMONY AREA SD,Pennsylvania,110173504,4211520
HARRISBURG CITY SD,Pennsylvania,115222752,4211580
HATBORO-HORSHAM SD,Pennsylvania,123463603,4211610
HAVERFORD TOWNSHIP SD,Pennsylvania,125234502,4211670
HAZLETON AREA CAREER CENTER,Pennsylvania,118403207,4280570
HAZLETON AREA SD,Pennsylvania,118403302,4211700
HELEN THACKSTON CHARTER SCHOOL,Pennsylvania,134677866,4200825
HEMPFIELD  SD,Pennsylvania,113363103,4211790
HEMPFIELD AREA SD,Pennsylvania,107653802,4211760
HERMITAGE SD,Pennsylvania,104433303,4211820
HIGHLANDS SD,Pennsylvania,103024753,4211880
HILL HOUSE PASSPORT ACADEMY CHARTER SCHOOL,PENNSYLVANIA,102023217,4200882
HOLLIDAYSBURG AREA SD,Pennsylvania,108073503,4211940
HOMER-CENTER SD,Pennsylvania,128323303,4213290
HOPE FOR HYNDMAN CS,Pennsylvania,108057079,4200852
HOPEWELL AREA SD,Pennsylvania,127044103,4212030
HOWARD GARDNER MULTIPLE INTELLIGENCE CS,Pennsylvania,119355028,4200867
HUNTINGDON AREA SD,Pennsylvania,111312503,4212090
HUNTINGDON COUNTY CTC,Pennsylvania,111312607,4280250
I-LEAD CHARTER SCHOOL,Pennsylvania,114060392,4200848
IMHOTEP INSTITUTE CHS,Pennsylvania,126512980,4200038
INDEPENDENCE CS,Pennsylvania,126513510,4200087
INDEPENDENCE CS WEST,PENNSYLVANIA,126512039,4200893
INDIANA AREA SD,Pennsylvania,128323703,4212150
INDIANA COUNTY TECHNOLOGY CENTER,Pennsylvania,128324207,4280660
INFINITY CS,Pennsylvania,115220001,4200118
INNOVATIVE ARTS ACADEMY CS,PENNSYLVANIA,121395526,4200894
INQUIRY CHARTER SCHOOL,Pennsylvania,126513070,4200042
INTERBORO SD,Pennsylvania,125235103,4212170
INTERMEDIATE UNIT 1,Pennsylvania,101000000,4289110
IROQUOIS SD,Pennsylvania,105256553,4212210
JAMESTOWN AREA SD,Pennsylvania,104433604,4212300
JEANNETTE CITY SD,Pennsylvania,107654103,4212330
JEFFERSON COUNTY-DUBOIS AVTS,Pennsylvania,106333407,4212335
JEFFERSON-MORGAN SD,Pennsylvania,101303503,4212390
JENKINTOWN SD,Pennsylvania,123463803,4212420
JERSEY SHORE AREA SD,Pennsylvania,117414003,4212480
JIM THORPE AREA SD,Pennsylvania,121135003,4212540
JOHN B STETSON CHARTER SCHOOL,Pennsylvania,133513315,4200839
JOHNSONBURG AREA SD,Pennsylvania,109243503,4212570
JUNIATA COUNTY SD,Pennsylvania,111343603,4212600
JUNIATA VALLEY SD,Pennsylvania,111312804,4212630
KANE AREA SD,Pennsylvania,109422303,4212660
KARNS CITY AREA SD,Pennsylvania,104103603,4209600
KENNETT CONSOLIDATED SD,Pennsylvania,124154003,4212690
KEYSTONE  SD,Pennsylvania,106166503,4212720
KEYSTONE ACADEMY CHARTER SCHOOL,Pennsylvania,182514568,4200762
KEYSTONE CENTRAL CTC,Pennsylvania,110183707,4280670
KEYSTONE CENTRAL SD,Pennsylvania,110183602,4212725
KEYSTONE EDUCATION CENTER CS,Pennsylvania,104432830,4200011
KEYSTONE OAKS SD,Pennsylvania,103025002,4212750
KHEPERA CS,Pennsylvania,126510017,4200131
KIPP DUBOIS CHARTER SCHOOL,PENNSYLVANIA,126514864,4200886
KIPP PHILADELPHIA CHARTER SCHOOL,Pennsylvania,126510013,4200122
KIPP WEST PHILADELPHIA CS,PENNSYLVANIA,126515492,4200888
KIPP WEST PHILADELPHIA PREPARATORY CHARTER SCHOOL,Pennsylvania,172510793,4200815
KISKI AREA SD,Pennsylvania,107654403,4212840
KUTZTOWN AREA SD,Pennsylvania,114064003,4212930
LA ACADEMIA PARTNERSHIP CHARTER SCHOOL,Pennsylvania,113362940,4200026
LABORATORY CS,Pennsylvania,126513110,4200044
LACKAWANNA TRAIL SD,Pennsylvania,119665003,4212990
LAKE-LEHMAN SD,Pennsylvania,118403903,4213020
LAKELAND SD,Pennsylvania,119354603,4213050
LAKEVIEW SD,Pennsylvania,104433903,4213080
LAMPETER-STRASBURG SD,Pennsylvania,113363603,4213110
LANCASTER COUNTY CTC,Pennsylvania,113363807,4280270
LANCASTER SD,Pennsylvania,113364002,4213140
LANCASTER-LEBANON IU 13,Pennsylvania,113000000,4289230
LAUREL HIGHLANDS SD,Pennsylvania,101264003,4213320
LAUREL SD,Pennsylvania,104374003,4213380
LAWRENCE COUNTY CTC,Pennsylvania,104374207,4213390
LEBANON COUNTY CTC,Pennsylvania,113384307,4280280
LEBANON SD,Pennsylvania,113384603,4213440
LEECHBURG AREA SD,Pennsylvania,128034503,4213470
LEHIGH CAREER & TECHNICAL INSTITUTE,Pennsylvania,121393007,4280290
LEHIGH VALLEY ACADEMY REGIONAL CS,Pennsylvania,120480002,4200098
LEHIGH VALLEY CHARTER HIGH SCHOOL FOR THE ARTS,Pennsylvania,120483170,4200099
LEHIGH VALLEY DUAL LANGUAGE CHARTER SCHOOL,Pennsylvania,139481451,4200832
LEHIGHTON AREA SD,Pennsylvania,121135503,4213500
LENAPE TECH,Pennsylvania,128034607,4202600
LEWISBURG AREA SD,Pennsylvania,116604003,4213590
LIGONIER VALLEY SD,Pennsylvania,107654903,4213710
LINCOLN CS,Pennsylvania,112673500,4200065
LINCOLN IU 12,Pennsylvania,112000000,4289220
LINCOLN LEADERSHIP ACADEMY CHARTER SCHOOL,Pennsylvania,175390169,4200819
LINCOLN PARK PERFORMING ARTS CS,Pennsylvania,127040002,4200143
LINDLEY ACADEMY CS AT BIRNEY,Pennsylvania,126519476,4200850
LINE MOUNTAIN SD,Pennsylvania,116493503,4214460
LITTLESTOWN AREA SD,Pennsylvania,112015203,4213980
LOWER DAUPHIN SD,Pennsylvania,115224003,4214100
LOWER MERION SD,Pennsylvania,123464502,4214160
LOWER MORELAND TOWNSHIP SD,Pennsylvania,123464603,4214190
LOYALSOCK TOWNSHIP SD,Pennsylvania,117414203,4214310
LOYSVILLE YOUTH DEV CTR,Pennsylvania,115509998,4209932
LUZERNE IU 18,Pennsylvania,118000000,4289280
LYCOMING CTC,Pennsylvania,117414807,4289393
MAHANOY AREA SD,Pennsylvania,129544503,4214430
MANCHESTER ACADEMIC CS,Pennsylvania,102023030,4200017
MANHEIM CENTRAL SD,Pennsylvania,113364403,4214550
MANHEIM TOWNSHIP SD,Pennsylvania,113364503,4214580
MARIANA BRACETTI ACADEMY CS,Pennsylvania,126513480,4200079
MARION CENTER AREA SD,Pennsylvania,128325203,4214730
MARITIME ACADEMY CHARTER SCHOOL,Pennsylvania,126510014,4200123
MARPLE NEWTOWN SD,Pennsylvania,125235502,4214760
MARS AREA SD,Pennsylvania,104105003,4214790
MAST COMMUNITY CHARTER SCHOOL,Pennsylvania,126513150,4200051
MAST COMMUNITY CS II,PENNSYLVANIA,126513117,4200891
MASTERY CHS - LENFEST CAMPUS,Pennsylvania,126510002,4200084
MASTERY CS - CLEVELAND ELEMENTARY,Pennsylvania,126519644,4200862
MASTERY CS - FRANCIS D. PASTORIUS ELEMENTARY,Pennsylvania,126518795,4200874
MASTERY CS - HARDY WILLIAMS,Pennsylvania,126513290,4200062
MASTERY CS JOHN WISTER ELEMENTARY,PENNSYLVANIA,126518118,4200889
MASTERY CS-CLYMER ELEMENTARY,Pennsylvania,126511748,4200840
MASTERY CS-GRATZ CAMPUS,Pennsylvania,126513734,4200851
MASTERY CS-HARRITY CAMPUS,Pennsylvania,126516457,4200828
MASTERY CS-MANN CAMPUS,Pennsylvania,126519433,4200831
MASTERY CS-PICKETT CAMPUS,Pennsylvania,151514721,4200761
MASTERY CS-SHOEMAKER CAMPUS,Pennsylvania,126510022,4200145
MASTERY CS-SMEDLEY CAMPUS,Pennsylvania,126517286,4200829
MASTERY CS-THOMAS CAMPUS,Pennsylvania,126510023,4200144
MATH CIVICS AND SCIENCES CS,Pennsylvania,126513230,4200056
MCGUFFEY SD,Pennsylvania,101633903,4214880
MCKEESPORT AREA SD,Pennsylvania,103026002,4214940
MCKEESPORT AREA TECH CTR,Pennsylvania,103026037,4280030
MECHANICSBURG AREA SD,Pennsylvania,115216503,4215030
MEMPHIS STREET ACADEMY CS @ JP JONES,Pennsylvania,126519392,4200870
MERCER AREA SD,Pennsylvania,104435003,4215120
MERCER COUNTY CAREER CENTER,Pennsylvania,104435107,4280310
METHACTON SD,Pennsylvania,123465303,4214250
MEYERSDALE AREA SD,Pennsylvania,108565203,4215150
MID VALLEY SD,Pennsylvania,119355503,4215170
MIDD-WEST SD,Pennsylvania,116555003,4215210
MIDDLE BUCKS INSTITUTE OF TECHNOLOGY,Pennsylvania,122097007,4280100
MIDDLETOWN AREA SD,Pennsylvania,115226003,4215240
MIDLAND BOROUGH SD,Pennsylvania,127045303,4215270
MIDWESTERN IU 4,Pennsylvania,104000000,4289140
MIFFLIN COUNTY ACADEMY OF SCIENCE AND TECHNOLOGY,PENNSYLVANIA,111444307,4200878
MIFFLIN COUNTY SD,Pennsylvania,111444602,4215290
MIFFLINBURG AREA SD,Pennsylvania,116605003,4226010
MILLCREEK TOWNSHIP SD,Pennsylvania,105257602,4215330
MILLERSBURG AREA SD,Pennsylvania,115226103,4215360
MILLERSVILLE UNIVERSITY OF PA,Pennsylvania,PA-413365910,4200755
MILLVILLE AREA SD,Pennsylvania,116195004,4215450
MILTON AREA SD,Pennsylvania,116495003,4215480
MINERSVILLE AREA SD,Pennsylvania,129544703,4215510
MOHAWK AREA SD,Pennsylvania,104375003,4215540
MON VALLEY CTC,Pennsylvania,101634207,4280450
MONESSEN CITY SD,Pennsylvania,107655803,4215600
MONITEAU SD,Pennsylvania,104105353,4217100
MONROE CAREER & TECH INST,Pennsylvania,120454507,4280320
MONTESSORI REGIONAL CS,Pennsylvania,105250004,4200124
MONTGOMERY AREA SD,Pennsylvania,117415004,4215660
MONTGOMERY COUNTY IU 23,Pennsylvania,123000000,4289330
MONTOUR SD,Pennsylvania,103026303,4215720
MONTOURSVILLE AREA SD,Pennsylvania,117415103,4215750
MONTROSE AREA SD,Pennsylvania,119584503,4215810
MOON AREA SD,Pennsylvania,103026343,4215830
MORRISVILLE BOROUGH SD,Pennsylvania,122097203,4215900
MOSHANNON VALLEY SD,Pennsylvania,110175003,4215960
MOUNT CARMEL AREA SD,Pennsylvania,116495103,4215990
MOUNT PLEASANT AREA SD,Pennsylvania,107655903,4216170
MOUNT UNION AREA SD,Pennsylvania,111316003,4216020
MOUNTAIN VIEW SD,Pennsylvania,119584603,4216050
MT LEBANON SD,Pennsylvania,103026402,4216110
MUHLENBERG SD,Pennsylvania,114065503,4216200
MULTICULTURAL ACADEMY CS,Pennsylvania,126513000,4200040
MUNCY SD,Pennsylvania,117415303,4216230
NAZARETH AREA SD,Pennsylvania,120484803,4216380
NESHAMINY SD,Pennsylvania,122097502,4216410
NESHANNOCK TOWNSHIP SD,Pennsylvania,104375203,4216440
NEW BRIGHTON AREA SD,Pennsylvania,127045653,4216530
NEW CASTLE AREA SD,Pennsylvania,104375302,4216620
NEW DAY CHARTER SCHOOL,Pennsylvania,111440001,4200114
NEW FOUNDATIONS CS,Pennsylvania,126513420,4200075
NEW HOPE-SOLEBURY SD,Pennsylvania,122097604,4216860
NEW KENSINGTON-ARNOLD SD,Pennsylvania,107656303,4216740
NEWPORT SD,Pennsylvania,115504003,4216890
NITTANY VALLEY CS,Pennsylvania,110143120,4200024
NORRISTOWN AREA SD,Pennsylvania,123465602,4216980
NORTH ALLEGHENY SD,Pennsylvania,103026852,4217010
NORTH CENTRAL SECURE TRMNT UNT,Pennsylvania,116479998,4209933
NORTH CLARION COUNTY SD,Pennsylvania,106167504,4217130
NORTH EAST SD,Pennsylvania,105258303,4217160
NORTH HILLS SD,Pennsylvania,103026902,4217220
NORTH MONTCO TECH CAREER CENTER,Pennsylvania,123465507,4280590
NORTH PENN SD,Pennsylvania,123465702,4217280
NORTH POCONO SD,Pennsylvania,119356503,4217310
NORTH SCHUYLKILL SD,Pennsylvania,129545003,4210110
NORTH STAR SD,Pennsylvania,108565503,4210115
NORTHAMPTON AREA SD,Pennsylvania,120484903,4217370
NORTHEAST BRADFORD SD,Pennsylvania,117083004,4217460
NORTHEASTERN EDUCATIONAL IU 19,Pennsylvania,119000000,4289290
NORTHEASTERN YORK SD,Pennsylvania,112674403,4217520
NORTHERN BEDFORD COUNTY SD,Pennsylvania,108056004,4217580
NORTHERN CAMBRIA SD,Pennsylvania,108114503,4217610
NORTHERN LEBANON SD,Pennsylvania,113385003,4217640
NORTHERN LEHIGH SD,Pennsylvania,121394503,4217670
NORTHERN POTTER SD,Pennsylvania,109535504,4217700
NORTHERN TIER CAREER CENTER,Pennsylvania,117080607,4280510
NORTHERN TIOGA SD,Pennsylvania,117596003,4217730
NORTHERN WESTMORELAND CTC,Pennsylvania,107656407,4280490
NORTHERN YORK COUNTY SD,Pennsylvania,115674603,4217760
NORTHGATE SD,Pennsylvania,103026873,4217770
NORTHUMBERLAND COUNTY CTC,Pennsylvania,116495207,4280491
NORTHWEST AREA SD,Pennsylvania,118406003,4217790
NORTHWEST TRI-COUNTY IU 5,Pennsylvania,105000000,4289150
NORTHWESTERN  SD,Pennsylvania,105258503,4217880
NORTHWESTERN LEHIGH SD,Pennsylvania,121394603,4217850
NORTHWOOD ACADEMY CS,Pennsylvania,126510019,4200139
NORWIN SD,Pennsylvania,107656502,4217940
OCTORARA AREA SD,Pennsylvania,124156503,4218030
OIL CITY AREA SD,Pennsylvania,106616203,4218090
OLD FORGE SD,Pennsylvania,119356603,4218120
OLEY VALLEY SD,Pennsylvania,114066503,4218150
OLNEY CHARTER HIGH SCHOOL,Pennsylvania,126513452,4200843
OSWAYO VALLEY SD,Pennsylvania,109537504,4218210
OTTO-ELDRED SD,Pennsylvania,109426003,4218240
OWEN J ROBERTS SD,Pennsylvania,124156603,4218270
OXFORD AREA SD,Pennsylvania,124156703,4218300
PALISADES SD,Pennsylvania,122098003,4218330
PALMERTON AREA SD,Pennsylvania,121136503,4218360
PALMYRA AREA SD,Pennsylvania,113385303,4218390
PAN AMERICAN ACADEMY CS,Pennsylvania,173515368,4200810
PANTHER VALLEY SD,Pennsylvania,121136603,4218450
PARKLAND SD,Pennsylvania,121395103,4218510
PARKWAY WEST CTC,Pennsylvania,103027307,4280040
PEN ARGYL AREA SD,Pennsylvania,120485603,4218570
PENN CAMBRIA SD,Pennsylvania,108116003,4213770
PENN HILLS CHARTER SCHOOL OF ENTREPRENEURSHIP,Pennsylvania,103022481,4200853
PENN HILLS SD,Pennsylvania,103027352,4218590
PENN MANOR SD,Pennsylvania,113365203,4218630
PENN-DELCO SD,Pennsylvania,125236903,4218580
PENN-TRAFFORD SD,Pennsylvania,107657103,4218660
PENNCREST SD,Pennsylvania,105204703,4218740
PENNRIDGE SD,Pennsylvania,122098103,4218750
PENNS MANOR AREA SD,Pennsylvania,128326303,4218780
PENNS VALLEY AREA SD,Pennsylvania,110147003,4218810
PENNSBURY SD,Pennsylvania,122098202,4218840
PENNSYLVANIA CYBER CS,Pennsylvania,127043430,4200071
PENNSYLVANIA DISTANCE LEARNING CS,Pennsylvania,115220003,4200125
PENNSYLVANIA LEADERSHIP CHARTER SCHOOL,Pennsylvania,124150004,4200127
PENNSYLVANIA VIRTUAL CS,Pennsylvania,123460001,4200088
PEOPLE FOR PEOPLE CS,Pennsylvania,126510004,4200085
PEQUEA VALLEY SD,Pennsylvania,113365303,4218900
PERKIOMEN VALLEY SD,Pennsylvania,123466103,4218930
PERSEUS HOUSE CS OF EXCELLENCE,Pennsylvania,105250001,4200115
PETERS TOWNSHIP SD,Pennsylvania,101636503,4218960
PHILADELPHIA ACADEMY CS,Pennsylvania,126513280,4200061
PHILADELPHIA AVTS,Pennsylvania,126514007,4200750
PHILADELPHIA CITY SD,Pennsylvania,126515001,4218990
PHILADELPHIA ELECTRICAL & TECH CHS,Pennsylvania,126510009,4200107
PHILADELPHIA IU 26,Pennsylvania,126000000,4200110
PHILADELPHIA MONTESSORI CS,Pennsylvania,126510016,4200130
PHILADELPHIA PERFORMING ARTS CS,Pennsylvania,126513400,4200074
PHILIPSBURG-OSCEOLA AREA SD,Pennsylvania,110177003,4219020
PHOENIXVILLE AREA SD,Pennsylvania,124157203,4219050
PINE GROVE AREA SD,Pennsylvania,129546003,4219140
PINE-RICHLAND SD,Pennsylvania,103021003,4202850
PITTSBURGH AVTS,Pennsylvania,102025007,4200754
PITTSBURGH SD,Pennsylvania,102027451,4219170
PITTSBURGH-MT OLIVER IU 2,Pennsylvania,102000000,4200109
PITTSTON AREA SD,Pennsylvania,118406602,4219200
PLEASANT VALLEY SD,Pennsylvania,120455203,4219290
PLUM BOROUGH SD,Pennsylvania,103027503,4219350
POCONO MOUNTAIN SD,Pennsylvania,120455403,4219500
PORT ALLEGANY SD,Pennsylvania,109426303,4219530
PORTAGE AREA SD,Pennsylvania,108116303,4219560
POTTSGROVE SD,Pennsylvania,123466303,4219650
POTTSTOWN SD,Pennsylvania,123466403,4219680
POTTSVILLE AREA SD,Pennsylvania,129546103,4219710
PREMIER ARTS AND SCIENCE CHARTER SCHOOL,Pennsylvania,115222343,4200873
PREPARATORY CS OF MATHEMATICS SCIENCE TECH AND CAREERS,Pennsylvania,126512960,4200036
PROPEL CS - HAZELWOOD,PENNSYLVANIA,103024952,4200880
PROPEL CS-BRADDOCK HILLS,Pennsylvania,160028259,4200833
PROPEL CS-EAST,Pennsylvania,103020005,4200135
PROPEL CS-HOMESTEAD,Pennsylvania,103020002,4200111
PROPEL CS-MCKEESPORT,Pennsylvania,103020003,4200134
PROPEL CS-MONTOUR,Pennsylvania,103020004,4200752
PROPEL CS-NORTHSIDE,Pennsylvania,103028192,4200849
PROPEL CS-PITCAIRN,Pennsylvania,103024162,4200859
PROVIDENT CS,PENNSYLVANIA,102027560,4200890
PUNXSUTAWNEY AREA SD,Pennsylvania,106338003,4219800
PURCHASE LINE SD,Pennsylvania,128327303,4219830
QUAKER VALLEY SD,Pennsylvania,103027753,4219860
QUAKERTOWN COMMUNITY SD,Pennsylvania,122098403,4219890
RADNOR TOWNSHIP SD,Pennsylvania,125237603,4219920
REACH CYBER CS,PENNSYLVANIA,115227871,4200887
READING MUHLENBERG CTC,Pennsylvania,114067107,4280070
READING SD,Pennsylvania,114067002,4220040
RED LION AREA SD,Pennsylvania,112675503,4220100
REDBANK VALLEY SD,Pennsylvania,106168003,4220130
RENAISSANCE ACADEMY CS,Pennsylvania,124153350,4200067
REYNOLDS SD,Pennsylvania,104435303,4220220
RICHARD ALLEN PREPARATORY CS,Pennsylvania,126510008,4200086
RICHLAND SD,Pennsylvania,108116503,4220250
RIDGWAY AREA SD,Pennsylvania,109246003,4220310
RIDLEY SD,Pennsylvania,125237702,4220370
RINGGOLD SD,Pennsylvania,101637002,4220400
RIVERSIDE BEAVER COUNTY SD,Pennsylvania,127045853,4217430
RIVERSIDE SD,Pennsylvania,119357003,4223250
RIVERVIEW IU 6,Pennsylvania,106000000,4289160
RIVERVIEW SD,Pennsylvania,103028203,4220430
ROBERT BENJAMIN WILEY COMMUNITY CS,Pennsylvania,105252920,4200020
ROBERTO CLEMENTE CS,Pennsylvania,121393330,4200068
ROBERTO CLEMENTE ELEMENTARY CHARTER SCHOOL,PENNSYLVANIA,121391526,4200881
ROCHESTER AREA SD,Pennsylvania,127046903,4220460
ROCKWOOD AREA SD,Pennsylvania,108566303,4220520
ROSE TREE MEDIA SD,Pennsylvania,125237903,4220550
RUSSELL BYERS CS,Pennsylvania,126510001,4200092
SAINT CLAIR AREA SD,Pennsylvania,129546803,4222710
SAINT MARYS AREA SD,Pennsylvania,109248003,4220640
SALISBURY TOWNSHIP SD,Pennsylvania,121395603,4220730
SALISBURY-ELK LICK SD,Pennsylvania,108567004,4220760
SANKOFA FREEDOM ACADEMY CHARTER SCHOOL,Pennsylvania,114514135,4200816
SAUCON VALLEY SD,Pennsylvania,120486003,4211730
SAYRE AREA SD,Pennsylvania,117086003,4220850
SCHOOL LANE CS,Pennsylvania,122093140,4200030
SCHUYLKILL HAVEN AREA SD,Pennsylvania,129547303,4220910
SCHUYLKILL IU 29,Pennsylvania,129000000,4289390
SCHUYLKILL TECHNOLOGY CENTERS,Pennsylvania,129546907,4280620
SCHUYLKILL VALLEY SD,Pennsylvania,114067503,4220970
SCRANTON SD,Pennsylvania,119357402,4221090
SELINSGROVE AREA SD,Pennsylvania,116557103,4221120
SENECA HIGHLANDS CAREER AND TECHNICAL CENTER,Pennsylvania,109420107,4280630
SENECA HIGHLANDS IU 9,Pennsylvania,109000000,4289190
SENECA VALLEY SD,Pennsylvania,104107903,4222440
SEVEN GENERATIONS CHARTER SCHOOL,Pennsylvania,188392660,4200818
SHADE-CENTRAL CITY SD,Pennsylvania,108567204,4221180
SHALER AREA SD,Pennsylvania,103028302,4221200
SHAMOKIN AREA SD,Pennsylvania,116496503,4221240
SHANKSVILLE-STONYCREEK SD,Pennsylvania,108567404,4221270
SHARON CITY SD,Pennsylvania,104435603,4221330
SHARPSVILLE AREA SD,Pennsylvania,104435703,4221420
SHENANDOAH VALLEY SD,Pennsylvania,129547203,4221490
SHENANGO AREA SD,Pennsylvania,104376203,4221510
SHIKELLAMY SD,Pennsylvania,116496603,4221540
SHIPPENSBURG AREA SD,Pennsylvania,115218003,4221570
SLIPPERY ROCK AREA SD,Pennsylvania,104107503,4221660
SMETHPORT AREA SD,Pennsylvania,109427503,4221690
SOLANCO SD,Pennsylvania,113367003,4221810
SOMERSET AREA SD,Pennsylvania,108567703,4221840
SOMERSET COUNTY TECHNOLOGY CENTER,Pennsylvania,108567807,4280400
SOUDERTON AREA SD,Pennsylvania,123467103,4221870
SOUDERTON CS COLLABORATIVE,Pennsylvania,123463370,4200070
SOUTH ALLEGHENY SD,Pennsylvania,103028653,4221910
SOUTH BUTLER COUNTY SD,Pennsylvania,104107803,4221930
SOUTH EASTERN SD,Pennsylvania,112676203,4222170
SOUTH FAYETTE TOWNSHIP SD,Pennsylvania,103028703,4220580
SOUTH MIDDLETON SD,Pennsylvania,115218303,4222050
SOUTH MOUNTAIN SECURE TRMNT UNIT,Pennsylvania,112289998,4200025
SOUTH PARK SD,Pennsylvania,103028753,4222060
SOUTH SIDE AREA SD,Pennsylvania,127047404,4222230
SOUTH WESTERN SD,Pennsylvania,112676403,4222470
SOUTH WILLIAMSPORT AREA SD,Pennsylvania,117416103,4222140
SOUTHEAST DELCO SD,Pennsylvania,125238402,4222400
SOUTHEASTERN GREENE SD,Pennsylvania,101306503,4222200
SOUTHERN COLUMBIA AREA SD,Pennsylvania,116197503,4222260
SOUTHERN FULTON SD,Pennsylvania,111297504,4222290
SOUTHERN HUNTINGDON COUNTY SD,Pennsylvania,111317503,4222320
SOUTHERN LEHIGH SD,Pennsylvania,121395703,4222350
SOUTHERN TIOGA SD,Pennsylvania,117597003,4222370
SOUTHERN YORK COUNTY SD,Pennsylvania,112676503,4222380
SOUTHMORELAND SD,Pennsylvania,107657503,4222410
SOUTHWEST LEADERSHIP ACADEMY CS,Pennsylvania,108515107,4200758
SPECTRUM CS,Pennsylvania,103023410,4200064
SPRING COVE SD,Pennsylvania,108077503,4222530
SPRING GROVE AREA SD,Pennsylvania,112676703,4222590
SPRING-FORD AREA SD,Pennsylvania,123467303,4222560
SPRINGFIELD SD,Pennsylvania,125238502,4222600
SPRINGFIELD TOWNSHIP SD,Pennsylvania,123467203,4222620
STATE COLLEGE AREA SD,Pennsylvania,110148002,4222770
STEEL CENTER FOR CAREER AND TECHNICAL EDUCATION,Pennsylvania,103028807,4280050
STEEL VALLEY SD,Pennsylvania,103028833,4222790
STEELTON-HIGHSPIRE SD,Pennsylvania,115228003,4222800
STO-ROX SD,Pennsylvania,103028853,4222830
STONE VALLEY COMMUNITY CS,Pennsylvania,111315438,4200844
STROUDSBURG AREA SD,Pennsylvania,120456003,4222860
SUGAR VALLEY RURAL CS,Pennsylvania,101833400,4200063
SULLIVAN COUNTY SD,Pennsylvania,117576303,4222920
SUN AREA TECHNICAL INSTITUTE,Pennsylvania,116606707,4280420
SUSQ-CYBER CS,Pennsylvania,116493130,4200028
SUSQUEHANNA COMMUNITY SD,Pennsylvania,119586503,4222980
SUSQUEHANNA COUNTY CTC,Pennsylvania,119584707,4200003
SUSQUEHANNA TOWNSHIP SD,Pennsylvania,115228303,4223010
SUSQUENITA SD,Pennsylvania,115506003,4223040
SYLVAN HEIGHTS SCIENCE CS,Pennsylvania,115223050,4200027
TACONY ACADEMY CHARTER SCHOOL,Pennsylvania,192518422,4200821
TAMAQUA AREA SD,Pennsylvania,129547603,4223220
TECH FREIRE CS,PENNSYLVANIA,126511530,4200895
THE NEW ACADEMY CS,Pennsylvania,102020003,4200133
THE PHILADELPHIA CS FOR ARTS AND SCIENCES AT HR EDMUNDS,Pennsylvania,126515691,4200863
TIDIOUTE COMMUNITY CS,Pennsylvania,105620001,4200136
TITUSVILLE AREA SD,Pennsylvania,106617203,4223490
TOWANDA AREA SD,Pennsylvania,117086503,4223550
TREDYFFRIN-EASTTOWN SD,Pennsylvania,124157802,4223640
TRI-VALLEY SD,Pennsylvania,129547803,4223700
TRINITY AREA SD,Pennsylvania,101638003,4223760
TROY AREA SD,Pennsylvania,117086653,4223790
TRUEBRIGHT SCIENCE ACADEMY CS,Pennsylvania,171510293,4200759
TULPEHOCKEN AREA SD,Pennsylvania,114068003,4223820
TUNKHANNOCK AREA SD,Pennsylvania,118667503,4223850
TURKEYFOOT VALLEY AREA SD,Pennsylvania,108568404,4223880
TUSCARORA IU 11,Pennsylvania,111000000,4289210
TUSCARORA SD,Pennsylvania,112286003,4222740
TUSSEY MOUNTAIN SD,Pennsylvania,108058003,4223970
TWIN VALLEY SD,Pennsylvania,114068103,4224000
TYRONE AREA SD,Pennsylvania,108078003,4224030
UNION AREA SD,Pennsylvania,104377003,4224060
UNION CITY AREA SD,Pennsylvania,105259103,4224090
UNION SD,Pennsylvania,106169003,4224120
UNIONTOWN AREA SD,Pennsylvania,101268003,4224150
UNIONVILLE-CHADDS FORD SD,Pennsylvania,124158503,4224210
UNITED SD,Pennsylvania,128328003,4224240
UNIVERSAL ALCORN CS,Pennsylvania,126512674,4200872
UNIVERSAL AUDENRIED CHARTER SCHOOL,Pennsylvania,126519434,4200856
UNIVERSAL BLUFORD CHARTER SCHOOL,Pennsylvania,168513758,4200834
UNIVERSAL CREIGHTON CHARTER SCHOOL,Pennsylvania,126517442,4200866
UNIVERSAL DAROFF CHARTER SCHOOL,Pennsylvania,103519376,4200827
UNIVERSAL INSTITUTE CS,Pennsylvania,126513210,4200055
UNIVERSAL VARE CHARTER SCHOOL,Pennsylvania,126513415,4200855
UPPER ADAMS SD,Pennsylvania,112018523,4224300
UPPER BUCKS COUNTY TECHNICAL SCHOOL,Pennsylvania,122099007,4280110
UPPER DARBY SD,Pennsylvania,125239452,4224320
UPPER DAUPHIN AREA SD,Pennsylvania,115229003,4224360
UPPER DUBLIN SD,Pennsylvania,123468303,4224390
UPPER MERION AREA SD,Pennsylvania,123468402,4224480
UPPER MORELAND TOWNSHIP SD,Pennsylvania,123468503,4224510
UPPER PERKIOMEN SD,Pennsylvania,123468603,4224540
UPPER SAINT CLAIR SD,Pennsylvania,103029203,4224570
URBAN ACADEMY OF GREATER PITTSBURGH CS,Pennsylvania,103023090,4200019
URBAN PATHWAYS 6-12 CS,Pennsylvania,102023080,4200018
URBAN PATHWAYS K-5 COLLEGE CHARTER SCHOOL,Pennsylvania,103028246,4200847
VALLEY GROVE SD,Pennsylvania,106618603,4224630
VALLEY VIEW SD,Pennsylvania,119358403,4224650
VENANGO TECHNOLOGY CENTER,Pennsylvania,106619107,4280430
VIDA CHARTER SCHOOL,Pennsylvania,141019741,4200814
VISION ACADEMY CHARTER SCHOOL,PENNSYLVANIA,125233517,4200885
WAKISHA CS,Pennsylvania,126513220,4200072
WALLENPAUPACK AREA SD,Pennsylvania,119648303,4224750
WALLINGFORD-SWARTHMORE SD,Pennsylvania,125239603,4224790
WALTER D PALMER LEADERSHIP LEARNING PARTNERS CS,Pennsylvania,126513490,4200080
WARREN COUNTY AVTS,Pennsylvania,105628007,4280440
WARREN COUNTY SD,Pennsylvania,105628302,4224820
WARRIOR RUN SD,Pennsylvania,116498003,4224870
WARWICK SD,Pennsylvania,113369003,4224960
WASHINGTON SD,Pennsylvania,101638803,4224990
WATTSBURG AREA SD,Pennsylvania,105259703,4225080
WAYNE HIGHLANDS SD,Pennsylvania,119648703,4224970
WAYNESBORO AREA SD,Pennsylvania,112289003,4225110
WEATHERLY AREA SD,Pennsylvania,121139004,4225140
WELLSBORO AREA SD,Pennsylvania,117598503,4225170
WEST ALLEGHENY SD,Pennsylvania,103029403,4225200
WEST BRANCH AREA SD,Pennsylvania,110179003,4225230
WEST CHESTER AREA SD,Pennsylvania,124159002,4225290
WEST GREENE SD,Pennsylvania,101308503,4225440
WEST JEFFERSON HILLS SD,Pennsylvania,103029553,4225590
WEST MIDDLESEX AREA SD,Pennsylvania,104437503,4225650
WEST MIFFLIN AREA SD,Pennsylvania,103029603,4225680
WEST OAK LANE CS,Pennsylvania,126513020,4200041
WEST PERRY SD,Pennsylvania,115508003,4225740
WEST PHILA. ACHIEVEMENT CES,Pennsylvania,126510006,4200105
WEST SHORE SD,Pennsylvania,115219002,4225830
WEST SIDE CTC,Pennsylvania,118408707,4225870
WEST YORK AREA SD,Pennsylvania,112678503,4225980
WESTERN AREA CTC,Pennsylvania,101638907,4280460
WESTERN BEAVER COUNTY SD,Pennsylvania,127049303,4226040
WESTERN MONTGOMERY CTC,Pennsylvania,123469007,4280360
WESTERN WAYNE SD,Pennsylvania,119648903,4226070
WESTMONT HILLTOP SD,Pennsylvania,108118503,4226130
WESTMORELAND IU 7,Pennsylvania,107000000,4289170
WHITEHALL-COPLAY SD,Pennsylvania,121397803,4226250
WIDENER PARTNERSHIP CS,Pennsylvania,125230002,4200753
WILKES-BARRE AREA CTC,Pennsylvania,118408607,4280300
WILKES-BARRE AREA SD,Pennsylvania,118408852,4226300
WILKINSBURG BOROUGH SD,Pennsylvania,103029803,4226370
WILLIAM PENN SD,Pennsylvania,125239652,4226390
WILLIAMS VALLEY SD,Pennsylvania,129548803,4226400
WILLIAMSBURG COMMUNITY SD,Pennsylvania,108079004,4226430
WILLIAMSPORT AREA SD,Pennsylvania,117417202,4226460
WILMINGTON AREA SD,Pennsylvania,104378003,4226520
WILSON  SD,Pennsylvania,114069103,4226580
WILSON AREA SD,Pennsylvania,120488603,4226550
WINDBER AREA SD,Pennsylvania,108569103,4226610
WISSAHICKON CS,Pennsylvania,126510007,4200106
WISSAHICKON SD,Pennsylvania,123469303,4202400
WONDERLAND CS,Pennsylvania,110143310,4200047
WOODLAND HILLS SD,Pennsylvania,103029902,4216500
WORLD COMMUNICATIONS CS,Pennsylvania,126512860,4200015
WYALUSING AREA SD,Pennsylvania,117089003,4226700
WYOMING AREA SD,Pennsylvania,118409203,4226730
WYOMING VALLEY WEST SD,Pennsylvania,118409302,4225950
WYOMISSING AREA SD,Pennsylvania,114069353,4226760
YORK ACADEMY REGIONAL CHARTER SCHOOL,Pennsylvania,189670676,4200846
YORK CITY SD,Pennsylvania,112679002,4226820
YORK CO SCHOOL OF TECHNOLOGY,Pennsylvania,112679107,4226810
YORK SUBURBAN SD,Pennsylvania,112679403,4226850
YOUGH SD,Pennsylvania,107658903,4221150
YOUNG SCHOLARS CS,Pennsylvania,126513250,4200058
YOUNG SCHOLARS KENDERTON CS,Pennsylvania,126514720,4200877
YOUNG SCHOLARS OF CENTRAL PA CS,Pennsylvania,110140001,4200137
YOUNG SCHOLARS OF MCKEESPORT CHARTER SCHOOL,PENNSYLVANIA,103020368,4200884
YOUNG SCHOLARS OF WESTERN PENNSYLVANIA CS,Pennsylvania,103025206,4200845
YOUTH BUILD PHILA CS,Pennsylvania,126512870,4200016
YOUTH FORESTRY CAMP #2,Pennsylvania,118409998,4209934
YOUTH FORESTRY CAMP #3,Pennsylvania,111319998,4209931
